titulo,autor,isbn,fechaPublicacion,resumen
Non existimant,Rhett Fuller,2279201496898,2024-07-18 16:11:11,Consistat
Temporis Quod,Alister Scrogges,4401111217,2024-04-24 02:05:34,Posse
Quasi,Aggie Peter,9261973959558,2024-05-10 04:15:44,Enim satis
Esse censet,Fitz Allanby,6069503464064,2024-12-16 15:50:30,Existimant quos
Totam rem,Bruno Lackemann,8149290930,2024-03-21 23:03:10,Pluribus
Legantur Quamquam,Marta Haslegrave,5183447034,2024-04-11 21:50:46,Studium
Sit,Zaneta Beeby,4138715820,2024-12-03 00:46:21,Ad beate
Quae logikh,Cathee Scholard,2952034722,2025-02-06 08:32:41,Quis
Spernat aut,Fanni Bettington,9573395835,2024-09-25 20:55:36,Earum explicatis
Ut aliquip,Wittie Brahm,8395097065791,2024-08-16 23:44:07,Dici velit
Animadvertat quanta,Elli O' Donohoe,7413221907,2024-10-01 06:01:13,Summum
Opera studio,Collette Muncey,3661824085,2024-07-31 16:58:59,Inpendente
Ut necessariae,Francisca Dallmann,3955097722142,2024-08-15 21:50:50,Maiorem Ex
Tanta ex,Abramo Dengate,1467218177788,2024-07-26 23:38:32,Usus civium
Cogitemus infinitio,Isacco Seleway,5588639261,2024-10-25 11:06:30,Idem
Optimus quisque,Kelley Olanda,4027726625819,2024-03-20 10:56:16,Quantum
Studiis Quamquam,Gerti Nadin,2897656111,2024-04-22 22:12:48,Et inter
Degendae praesidia,Phip Yves,1667025945135,2025-02-16 21:43:53,Sed ita
Posset nec,Tawnya Mullaney,7088649666082,2024-03-06 22:57:29,In
Quid fugiat,Doe Laurance,1906472028,2024-07-26 07:28:36,Pararetur et
Nec enim,Gusti Mettetal,0249515511,2024-11-20 21:19:00,Ab ipsis
Ut concursionibus,Sebastien Fante,2057117469,2024-12-11 17:02:04,Id
Locum seque,Micheil Mynard,1445500236467,2024-06-07 18:09:56,Viam
Perpetiuntur ne,Milena Hector,3770977656510,2024-08-12 10:37:12,Seque
Religionis,Luz Dewicke,9965079015969,2024-05-02 15:48:13,Ad
Quam,Jackqueline Fery,5165977051468,2024-12-18 00:26:47,Tuo
Epicurum nostrum,Eudora Bailes,5539972265891,2024-12-20 09:16:07,Est
Ut,Kassandra McGinly,7637344247906,2024-03-17 22:35:33,Sequitur Democritum
Illum,Britt Pozzo,9443429912,2024-10-07 00:37:14,Voluptates
Tam inimicus,Cecilio Lochet,9184158660653,2024-09-08 17:55:30,Periculis
Solemus,Jordana Abramovitch,7277387051962,2024-07-18 12:54:27,Sit amet
Corporis,Smitty Beckinsall,5991990861954,2024-06-04 22:36:03,In liberos
Tota res,Edythe Crumby,7389809822,2024-03-04 15:22:41,Cyrenaicos satis
Iudicium,Maggy Pudsey,2936560117,2024-05-07 07:25:43,Qui
Quos probamus,Jennilee Heady,9720501430826,2024-09-28 12:54:59,Delectet
Quis nostrud,Christean Alvarado,6110127262411,2025-02-15 12:26:32,Vult
Aliter,Winny Mutton,9219013594,2025-02-03 20:06:56,Iudicio
Sumus,Montague Fishburn,3896830344785,2024-03-16 06:45:54,At
Praeterea,Saunder Hukins,9258433607,2024-05-11 03:46:50,Tantum ut
Ut extremum,Bordie Buzin,4948383887,2024-07-23 15:41:58,Sapientia est
Tempus,Bendick Matuszewski,0488393315200,2024-06-25 21:23:53,Malo
Careret,Ralf Hartell,9069747234,2024-10-02 09:42:49,Nos
Nec naturales,Stephen Warby,3827222764,2024-09-20 00:26:32,Sua sponte
Discordia,Maddy De Brett,6313180776927,2024-07-07 11:52:26,Et
Illud vel,Gretel Betonia,2473844644216,2024-04-04 13:27:49,Quae
Omne certamen,Marty Scotchbourouge,0326351919400,2024-12-24 00:28:57,Ceramico Chrysippi
Rerum,Norbert Tallach,3828249300,2024-06-09 09:08:00,Quas nulla
Autem,Allianora Marples,2944672238386,2025-01-31 11:46:26,Modo
Aeque amicos,Ragnar Novis,0017558939083,2024-10-26 08:11:41,Dissidens secumque
Haec,Edik Durtnal,3930992468,2024-03-18 10:25:53,Quae
Et vitae,Nikkie Eam,6223090474500,2024-07-29 17:09:04,Libris
Sensibus qui,Iago Murrey,1071222904,2024-12-03 22:41:32,Latinas
Quae quasi,Cissiee Levick,6582781831,2024-07-16 13:51:09,Dicta sunt
Corporis voluptatibus,Lilas Jerams,9138093403,2024-10-20 09:17:20,Est nihil
Optime,Emelda Sharply,4276803380,2024-07-21 15:16:11,Voluptatum Accedunt
Iis quae,Minnnie Simoncello,0966835779,2024-07-17 07:52:50,Numquam
Illa vendibiliora,Danya Delhay,5934310603,2024-04-19 16:39:29,Tamen eum
De omnium,Tiffie Styant,2867962108,2024-03-02 07:46:26,Eruditionem
Fieri,Mic Muddle,8465374213,2024-08-31 07:42:16,Atomus
Exquisitis rationibus,Myrtle Dearle-Palser,4999144394710,2024-06-19 17:33:30,Quae
Si,Chrissie Pallesen,3817152553736,2024-03-12 13:44:05,Etiam Athenis
Caritatem,Kirk Meldon,4452414858849,2024-08-31 09:47:45,Allevatio
Reiciendis,Ax Mudge,9752985632658,2024-10-13 03:32:42,Utrumque
Sive aliae,Fairlie Bernot,6313226825,2024-08-13 17:45:28,Sunt
Eum Macedonum,Clim Philippet,9302796829109,2024-07-21 08:59:07,Facerem
Qui,Annalee Bitcheno,1885263691218,2024-05-17 16:41:15,Videtur expediunt
Pariatur Excepteur,Jacinda Tuite,5053420505859,2024-09-17 18:55:44,Labitur Quamquam
Tamen ne,Karena Raper,0992109424205,2024-11-26 05:21:23,Transferrem
Ratio quae,Prentiss Curuclis,5273160237125,2024-05-02 15:36:18,Qui
Aliquando,Tadd McClenan,0918724328,2024-06-10 11:23:56,Ad
Efficiantur,Sibeal Sandison,7938771466,2025-01-21 23:05:43,Inciderint in
Patet In,Maribelle Peile,4684259383488,2024-03-05 17:32:51,Eo libro
Id,Derward Fairrie,7554099197681,2024-08-13 03:24:39,Certe audiam
Paene nomini,Yolanthe Lewcock,4757087325,2024-10-29 15:43:20,Cyrenaicos
Et,Gail Heball,5802411454492,2024-06-23 09:47:24,Bonorum et
Et animo,Clark Edie,6495994837,2024-10-05 08:58:23,Quo vitam
Sint et,Erda Gianiello,2168258170434,2024-06-12 10:52:07,Efficeretur
Ut,Benji Bassingden,1598410804455,2024-07-03 08:01:09,Qui
Epicureum,Dorene Baline,8860259487496,2025-02-12 14:04:15,Curiosi
Quodsi,Harriot Forton,0541434070,2025-01-22 14:53:34,Ut
Saepe,Burt Saldler,9010240470944,2024-08-02 23:07:11,Quicquam
Atque nostra,Land Noorwood,0058765889,2024-02-29 15:03:36,In
Ad modum,Janel Biswell,1896645533235,2024-07-30 16:33:17,Dissident
Quo,William Wolfer,0766878569464,2024-09-05 12:22:06,Navigandi
Enim,Leona Sendall,0565029301125,2024-09-21 23:54:42,Suo nutu
Attulit rem,Fleurette Exeter,1475694593779,2024-11-23 08:08:09,Placeat
Desideraret,Glory Idell,8016576011430,2025-01-15 17:16:14,Percipi Quos
Doctrina erudito,Maurene Forrestill,5343954565164,2024-09-27 19:41:23,Et
Navigandi,Pammi Brunning,6131602504013,2024-12-31 01:00:21,Frequenter
Aeque amicos,Norry Buncom,5251582088,2024-06-15 17:15:00,Fautrices
Mortis,Cyb Cain,7049901080804,2024-11-01 03:58:19,Graecis
Traditur,Esme Lilleycrop,3361123892,2024-11-18 17:25:10,Studia
Est,Luciano Robart,6684346911838,2024-03-24 07:15:54,Approbantibus nobis
Desideraret,Chandal McKibbin,6979846862,2024-11-10 14:50:20,An
Quos,Benedicta Sivewright,7260053463079,2024-06-28 20:08:26,Locupletiorem
Iudicat quo,Debor Wemm,8690623119,2025-01-12 23:24:37,Quibus sequitur
Rationibus confirmare,Lyon Eaden,6775834922,2024-11-22 16:25:58,Doloris amotio
Commune,Elysha Smoth,4861150632509,2024-09-25 03:12:31,Habere intervalla
Causam,Heda Leuty,0206625077,2024-09-12 16:53:02,Et errore
Infimum nec,Rochell Atlee,5964251149,2024-07-13 07:37:47,Autem quondam
